skill,predicted_count
Python,17.137538740590497
Git,13.16249377735665
Scala,12.82564474165202
TensorFlow,12.345118491737896
Java,11.739777582523924
